Workbook

Sheet Dashboard
A1: TEAM KPI DASHBOARD
A2: Last Updated: | B2: 2026-01-19
A4: TEAM OVERVIEW | J4: Staff | K4: Avg Skill | L4: ROAS
A5: Metric | B5: Current | C5: Target | D5: Variance | E5: Status | J5: John S. | K5: 84.1 | L5: 4
A6: Total Active Staff | B6: 8 | C6: 10 | D6: =B6-C6 -> -2 | E6: =IF(D6>=0,"✓ On Track","⚠ Below Target") -> ⚠ Below Target | J6: Sarah J. | K6: 74.4 | L6: 3
A7: Avg Skill Score | B7: 75 | C7: 80 | D7: =B7-C7 -> -5 | E7: =IF(D7>=0,"✓ On Track","⚠ Below Target") -> ⚠ Below Target | J7: Mike C. | K7: 62.8 | L7: 2.2
A8: Total Clients Managed | B8: 15 | C8: 15 | D8: =B8-C8 -> 0 | E8: =IF(D8>=0,"✓ On Track","⚠ Below Target") -> ✓ On Track | J8: Emily D. | K8: 88.3 | L8: 4.95
A9: Avg ROAS (All Accounts) | B9: 3.2 | C9: 3 | D9: =B9-C9 -> 0.2 | E9: =IF(D9>=0,"✓ On Track","⚠ Below Target") -> ✓ On Track | J9: Alex W. | K9: 72.3 | L9: 3
A10: Avg CPA ($) | B10: 12.5 | C10: 15 | D10: =B10-C10 -> -2.5 | E10: =IF(D10>=0,"✓ On Track","⚠ Below Target") -> ⚠ Below Target | J10: Lisa B. | K10: 92.5 | L10: 5.35
A11: Total Ad Spend (MTD) | B11: 50000 | C11: 55000 | D11: =B11-C11 -> -5000 | E11: =IF(D11>=0,"✓ On Track","⚠ Below Target") -> ⚠ Below Target | J11: David L. | K11: 57.1 | L11: 1.8
A12: Conversion Rate (%) | B12: 2.8 | C12: 2.5 | D12: =B12-C12 -> 0.3 | E12: =IF(D12>=0,"✓ On Track","⚠ Below Target") -> ✓ On Track | J12: Emma T. | K12: 69.4 | L12: 2.8
A15: TOP PERFORMERS THIS PERIOD
A16: Rank | B16: Staff Member | C16: ROAS | D16: Conversions | E16: Skill Score
A17: 1 | B17: =IFERROR(INDEX('Ad Performance'!A:A,MATCH(LARGE('Ad Performance'!D:D,1),'Ad Performance'!D:D,0)),"-") -> Lisa Brown
A18: 2 | B18: =IFERROR(INDEX('Ad Performance'!A:A,MATCH(LARGE('Ad Performance'!D:D,2),'Ad Performance'!D:D,0)),"-") -> Lisa Brown
A19: 3 | B19: =IFERROR(INDEX('Ad Performance'!A:A,MATCH(LARGE('Ad Performance'!D:D,3),'Ad Performance'!D:D,0)),"-") -> Emily Davis
A20: 4 | B20: =IFERROR(INDEX('Ad Performance'!A:A,MATCH(LARGE('Ad Performance'!D:D,4),'Ad Performance'!D:D,0)),"-") -> Emily Davis
A21: 5 | B21: =IFERROR(INDEX('Ad Performance'!A:A,MATCH(LARGE('Ad Performance'!D:D,5),'Ad Performance'!D:D,0)),"-") -> John Smith

Sheet Staff Skillset
A1: STAFF SKILLSET & DEVELOPMENT TRACKER
A3: Staff ID | B3: Name | C3: Role | D3: Start Date | E3: Copywriting | F3: Creative Strategy | G3: Audience Targeting | H3: Analytics | I3: Campaign Setup | J3: Budget Management | K3: Client Communication | L3: Reporting | M3: Avg Skill Score | N3: Certifications | O3: Training Status
A4: S001 | B4: John Smith | C4: Senior Media Buyer | D4: 2022-01-15 | E4: 85 | F4: 80 | G4: 90 | H4: 88 | I4: 85 | J4: 82 | K4: 78 | L4: 85 | M4: =AVERAGE(E4:L4) -> 84.125 | N4: Meta Blueprint | O4: Complete
A5: S002 | B5: Sarah Johnson | C5: Media Buyer | D5: 2022-06-01 | E5: 75 | F5: 70 | G5: 78 | H5: 72 | I5: 80 | J5: 68 | K5: 82 | L5: 70 | M5: =AVERAGE(E5:L5) -> 74.375 | N5: Google Ads | O5: Complete
A6: S003 | B6: Mike Chen | C6: Junior Media Buyer | D6: 2023-03-20 | E6: 65 | F6: 60 | G6: 62 | H6: 55 | I6: 70 | J6: 58 | K6: 72 | L6: 60 | M6: =AVERAGE(E6:L6) -> 62.75 | N6: Meta + HubSpot | O6: In Progress
A7: S004 | B7: Emily Davis | C7: Senior Media Buyer | D7: 2021-08-10 | E7: 90 | F7: 88 | G7: 85 | H7: 92 | I7: 88 | J7: 85 | K7: 90 | L7: 88 | M7: =AVERAGE(E7:L7) -> 88.25 | N7: Meta Blueprint, GA4 | O7: Complete
A8: S005 | B8: Alex Wilson | C8: Media Buyer | D8: 2022-11-05 | E8: 72 | F8: 75 | G8: 70 | H8: 68 | I8: 75 | J8: 70 | K8: 76 | L8: 72 | M8: =AVERAGE(E8:L8) -> 72.25 | N8: Meta Blueprint | O8: Complete
A9: S006 | B9: Lisa Brown | C9: Team Lead | D9: 2020-05-15 | E9: 95 | F9: 92 | G9: 90 | H9: 94 | I9: 92 | J9: 90 | K9: 95 | L9: 92 | M9: =AVERAGE(E9:L9) -> 92.5 | N9: All Certs | O9: Complete
A10: S007 | B10: David Lee | C10: Junior Media Buyer | D10: 2023-08-01 | E10: 58 | F10: 55 | G10: 60 | H10: 50 | I10: 62 | J10: 52 | K10: 65 | L10: 55 | M10: =AVERAGE(E10:L10) -> 57.125 | N10: In Progress | O10: In Progress
A11: S008 | B11: Emma Taylor | C11: Media Buyer | D11: 2023-01-10 | E11: 70 | F11: 68 | G11: 72 | H11: 65 | I11: 72 | J11: 66 | K11: 74 | L11: 68 | M11: =AVERAGE(E11:L11) -> 69.375 | N11: Meta Blueprint | O11: Complete
A14: SKILL RATING LEGEND
A15: 90-100: Expert
A16: 65-89: Proficient
A17: 0-64: Developing
A21: SKILL DISTRIBUTION CHART DATA | E21: Individual Performance
A22: Skill Area | B22: Team Avg | C22: Target
A23: Copywriting | B23: 76.3 | C23: 80
A24: Creative | B24: 73.5 | C24: 80
A25: Targeting | B25: 75.9 | C25: 80
A26: Analytics | B26: 73 | C26: 80
A27: Setup | B27: 78 | C27: 80
A28: Budget | B28: 71.4 | C28: 80
A29: Comms | B29: 79 | C29: 80
A30: Reporting | B30: 73.8 | C30: 80

Sheet Ad Performance
A1: FACEBOOK AD PERFORMANCE BY STAFF MEMBER
A2: Data syncs from live ad accounts. Yellow cells = manual input fields.
A4: Staff Name | B4: Client | C4: Account ID | D4: ROAS | E4: CPA ($) | F4: CTR (%) | G4: CPM ($) | H4: Impressions | I4: Clicks | J4: Conversions | K4: Spend ($) | L4: Revenue ($) | M4: Conv Rate (%) | N4: Frequency | O4: Performance Score | P4: Notes
A5: John Smith | B5: Client A | C5: ACT_123456 | D5: 3.8 | E5: 11.2 | F5: 2.1 | G5: 8.5 | H5: 125000 | I5: 2625 | J5: 185 | K5: 2072 | L5: 7873.6 | M5: =IF(I5>0,J5/I5*100,0) -> 7.047619 | N5: =IF(I5>0,H5/I5,0) -> 47.619048 | O5: =(D5*25)+(100-E5)*0.5+(F5*10)+(M5*5) -> 195.6381
A6: John Smith | B6: Client B | C6: ACT_123457 | D6: 4.2 | E6: 9.8 | F6: 2.5 | G6: 7.2 | H6: 180000 | I6: 4500 | J6: 220 | K6: 2156 | L6: 9055.2 | M6: =IF(I6>0,J6/I6*100,0) -> 4.8888889 | N6: =IF(I6>0,H6/I6,0) -> 40 | O6: =(D6*25)+(100-E6)*0.5+(F6*10)+(M6*5) -> 199.54444
A7: Sarah Johnson | B7: Client C | C7: ACT_234567 | D7: 2.9 | E7: 14.5 | F7: 1.8 | G7: 9.8 | H7: 95000 | I7: 1710 | J7: 110 | K7: 1595 | L7: 4625.5 | M7: =IF(I7>0,J7/I7*100,0) -> 6.4327485 | N7: =IF(I7>0,H7/I7,0) -> 55.555556 | O7: =(D7*25)+(100-E7)*0.5+(F7*10)+(M7*5) -> 165.41374
A8: Sarah Johnson | B8: Client D | C8: ACT_234568 | D8: 3.1 | E8: 13.2 | F8: 1.9 | G8: 8.9 | H8: 110000 | I8: 2090 | J8: 135 | K8: 1782 | L8: 5524.2 | M8: =IF(I8>0,J8/I8*100,0) -> 6.4593301 | N8: =IF(I8>0,H8/I8,0) -> 52.631579 | O8: =(D8*25)+(100-E8)*0.5+(F8*10)+(M8*5) -> 172.19665
A9: Mike Chen | B9: Client E | C9: ACT_345678 | D9: 2.2 | E9: 18 | F9: 1.4 | G9: 11.5 | H9: 75000 | I9: 1050 | J9: 65 | K9: 1170 | L9: 2574 | M9: =IF(I9>0,J9/I9*100,0) -> 6.1904762 | N9: =IF(I9>0,H9/I9,0) -> 71.428571 | O9: =(D9*25)+(100-E9)*0.5+(F9*10)+(M9*5) -> 140.95238
A10: Emily Davis | B10: Client F | C10: ACT_456789 | D10: 5.1 | E10: 8.5 | F10: 3.2 | G10: 6.8 | H10: 220000 | I10: 7040 | J10: 380 | K10: 3230 | L10: 16473 | M10: =IF(I10>0,J10/I10*100,0) -> 5.3977273 | N10: =IF(I10>0,H10/I10,0) -> 31.25 | O10: =(D10*25)+(100-E10)*0.5+(F10*10)+(M10*5) -> 232.23864
A11: Emily Davis | B11: Client G | C11: ACT_456790 | D11: 4.8 | E11: 9.2 | F11: 2.9 | G11: 7.1 | H11: 195000 | I11: 5655 | J11: 320 | K11: 2944 | L11: 14131.2 | M11: =IF(I11>0,J11/I11*100,0) -> 5.6587091 | N11: =IF(I11>0,H11/I11,0) -> 34.482759 | O11: =(D11*25)+(100-E11)*0.5+(F11*10)+(M11*5) -> 222.69355
A12: Alex Wilson | B12: Client H | C12: ACT_567890 | D12: 3 | E12: 15 | F12: 1.7 | G12: 10.2 | H12: 88000 | I12: 1496 | J12: 95 | K12: 1425 | L12: 4275 | M12: =IF(I12>0,J12/I12*100,0) -> 6.3502674 | N12: =IF(I12>0,H12/I12,0) -> 58.823529 | O12: =(D12*25)+(100-E12)*0.5+(F12*10)+(M12*5) -> 166.25134
A13: Lisa Brown | B13: Client I | C13: ACT_678901 | D13: 5.5 | E13: 7.8 | F13: 3.5 | G13: 6.2 | H13: 280000 | I13: 9800 | J13: 480 | K13: 3744 | L13: 20592 | M13: =IF(I13>0,J13/I13*100,0) -> 4.8979592 | N13: =IF(I13>0,H13/I13,0) -> 28.571429 | O13: =(D13*25)+(100-E13)*0.5+(F13*10)+(M13*5) -> 243.0898
A14: Lisa Brown | B14: Client J | C14: ACT_678902 | D14: 5.2 | E14: 8 | F14: 3.3 | G14: 6.5 | H14: 250000 | I14: 8250 | J14: 420 | K14: 3360 | L14: 17472 | M14: =IF(I14>0,J14/I14*100,0) -> 5.0909091 | N14: =IF(I14>0,H14/I14,0) -> 30.30303 | O14: =(D14*25)+(100-E14)*0.5+(F14*10)+(M14*5) -> 234.45455
A15: David Lee | B15: Client K | C15: ACT_789012 | D15: 1.8 | E15: 22 | F15: 1.1 | G15: 13.5 | H15: 55000 | I15: 605 | J15: 38 | K15: 836 | L15: 1504.8 | M15: =IF(I15>0,J15/I15*100,0) -> 6.2809917 | N15: =IF(I15>0,H15/I15,0) -> 90.909091 | O15: =(D15*25)+(100-E15)*0.5+(F15*10)+(M15*5) -> 126.40496
A16: Emma Taylor | B16: Client L | C16: ACT_890123 | D16: 2.8 | E16: 14.8 | F16: 1.6 | G16: 9.5 | H16: 92000 | I16: 1472 | J16: 102 | K16: 1510 | L16: 4228 | M16: =IF(I16>0,J16/I16*100,0) -> 6.9293478 | N16: =IF(I16>0,H16/I16,0) -> 62.5 | O16: =(D16*25)+(100-E16)*0.5+(F16*10)+(M16*5) -> 163.24674
A19: TEAM AVERAGES
D20: Avg ROAS | E20: Avg CPA | F20: Avg CTR | K20: Total Spend | L20: Total Revenue
D21: =AVERAGE(D5:D16) -> 3.7 | E21: =AVERAGE(E5:E16) -> 12.666667 | F21: =AVERAGE(F5:F16) -> 2.25 | K21: =SUM(K5:K16) -> 25824 | L21: =SUM(L5:L16) -> 108328.5
A24: PERFORMANCE VISUALIZATIONS

Sheet Client Accounts
A1: CLIENT ACCOUNT OVERVIEW
A3: Client Name | B3: Account ID | C3: Assigned Staff | D3: Status | E3: Monthly Budget | F3: MTD Spend | G3: Budget Remaining | H3: Budget % | I3: ROAS Target | J3: Actual ROAS | K3: ROAS Variance | L3: Health
A4: Client A | B4: ACT_123456 | C4: John Smith | D4: Active | E4: 5000 | F4: 2072 | G4: 2928 | H4: =F4/E4 -> 0.4144 | I4: 3.8 | K4: =J4-I4 -> -3.8 | L4: =IF(AND(K4>=0,H4<=0.8),"✓ Healthy",IF(K4<-0.5,"⚠ Critical","⚡ Monitor")) -> ⚠ Critical
A5: Client B | B5: ACT_123457 | C5: John Smith | D5: Active | E5: 6000 | F5: 2156 | G5: 3844 | H5: =F5/E5 -> 0.35933333 | I5: 4.2 | K5: =J5-I5 -> -4.2 | L5: =IF(AND(K5>=0,H5<=0.8),"✓ Healthy",IF(K5<-0.5,"⚠ Critical","⚡ Monitor")) -> ⚠ Critical
A6: Client C | B6: ACT_234567 | C6: Sarah Johnson | D6: Active | E6: 4000 | F6: 1595 | G6: 2405 | H6: =F6/E6 -> 0.39875 | I6: 2.9 | K6: =J6-I6 -> -2.9 | L6: =IF(AND(K6>=0,H6<=0.8),"✓ Healthy",IF(K6<-0.5,"⚠ Critical","⚡ Monitor")) -> ⚠ Critical
A7: Client D | B7: ACT_234568 | C7: Sarah Johnson | D7: Active | E7: 4500 | F7: 1782 | G7: 2718 | H7: =F7/E7 -> 0.396 | I7: 3.1 | K7: =J7-I7 -> -3.1 | L7: =IF(AND(K7>=0,H7<=0.8),"✓ Healthy",IF(K7<-0.5,"⚠ Critical","⚡ Monitor")) -> ⚠ Critical
A8: Client E | B8: ACT_345678 | C8: Mike Chen | D8: Active | E8: 3000 | F8: 1170 | G8: 1830 | H8: =F8/E8 -> 0.39 | I8: 2.2 | K8: =J8-I8 -> -2.2 | L8: =IF(AND(K8>=0,H8<=0.8),"✓ Healthy",IF(K8<-0.5,"⚠ Critical","⚡ Monitor")) -> ⚠ Critical
A9: Client F | B9: ACT_456789 | C9: Emily Davis | D9: Active | E9: 8000 | F9: 3230 | G9: 4770 | H9: =F9/E9 -> 0.40375 | I9: 5.1 | K9: =J9-I9 -> -5.1 | L9: =IF(AND(K9>=0,H9<=0.8),"✓ Healthy",IF(K9<-0.5,"⚠ Critical","⚡ Monitor")) -> ⚠ Critical
A10: Client G | B10: ACT_456790 | C10: Emily Davis | D10: Active | E10: 7000 | F10: 2944 | G10: 4056 | H10: =F10/E10 -> 0.42057143 | I10: 4.8 | K10: =J10-I10 -> -4.8 | L10: =IF(AND(K10>=0,H10<=0.8),"✓ Healthy",IF(K10<-0.5,"⚠ Critical","⚡ Monitor")) -> ⚠ Critical
A11: Client H | B11: ACT_567890 | C11: Alex Wilson | D11: Active | E11: 3500 | F11: 1425 | G11: 2075 | H11: =F11/E11 -> 0.40714286 | I11: 3 | K11: =J11-I11 -> -3 | L11: =IF(AND(K11>=0,H11<=0.8),"✓ Healthy",IF(K11<-0.5,"⚠ Critical","⚡ Monitor")) -> ⚠ Critical
A12: Client I | B12: ACT_678901 | C12: Lisa Brown | D12: Active | E12: 10000 | F12: 3744 | G12: 6256 | H12: =F12/E12 -> 0.3744 | I12: 5.5 | K12: =J12-I12 -> -5.5 | L12: =IF(AND(K12>=0,H12<=0.8),"✓ Healthy",IF(K12<-0.5,"⚠ Critical","⚡ Monitor")) -> ⚠ Critical
A13: Client J | B13: ACT_678902 | C13: Lisa Brown | D13: Active | E13: 9000 | F13: 3360 | G13: 5640 | H13: =F13/E13 -> 0.37333333 | I13: 5.2 | K13: =J13-I13 -> -5.2 | L13: =IF(AND(K13>=0,H13<=0.8),"✓ Healthy",IF(K13<-0.5,"⚠ Critical","⚡ Monitor")) -> ⚠ Critical
A14: Client K | B14: ACT_789012 | C14: David Lee | D14: Active | E14: 2000 | F14: 836 | G14: 1164 | H14: =F14/E14 -> 0.418 | I14: 1.8 | K14: =J14-I14 -> -1.8 | L14: =IF(AND(K14>=0,H14<=0.8),"✓ Healthy",IF(K14<-0.5,"⚠ Critical","⚡ Monitor")) -> ⚠ Critical
A15: Client L | B15: ACT_890123 | C15: Emma Taylor | D15: Active | E15: 3500 | F15: 1510 | G15: 1990 | H15: =F15/E15 -> 0.43142857 | I15: 2.8 | K15: =J15-I15 -> -2.8 | L15: =IF(AND(K15>=0,H15<=0.8),"✓ Healthy",IF(K15<-0.5,"⚠ Critical","⚡ Monitor")) -> ⚠ Critical
A18: BUDGET & PERFORMANCE CHARTS

Sheet Weekly Trends
A1: WEEKLY PERFORMANCE TRENDS
A3: Week | B3: Total Spend | C3: Total Revenue | D3: ROAS | E3: Total Conversions | F3: Avg CPA | G3: Avg CTR | H3: WoW Change | I3: Trend
A4: Week 1 | B4: 42000 | C4: 138600 | D4: 3.3 | E4: 3200 | F4: 13.13 | G4: 1.9 | H4: - | I4: -
A5: Week 2 | B5: 45000 | C5: 153000 | D5: 3.4 | E5: 3450 | F5: 13.04 | G5: 2 | H5: =(D5-D4)/D4 -> 0.03030303 | I5: =IF(H5>0.05,"↑ Strong",IF(H5>0,"↗ Growing",IF(H5>-0.05,"↘ Slight Dip","↓ Declining"))) -> ↗ Growing
A6: Week 3 | B6: 48500 | C6: 169750 | D6: 3.5 | E6: 3720 | F6: 13.04 | G6: 2.1 | H6: =(D6-D5)/D5 -> 0.029411765 | I6: =IF(H6>0.05,"↑ Strong",IF(H6>0,"↗ Growing",IF(H6>-0.05,"↘ Slight Dip","↓ Declining"))) -> ↗ Growing
A7: Week 4 | B7: 50000 | C7: 180000 | D7: 3.6 | E7: 3900 | F7: 12.82 | G7: 2.2 | H7: =(D7-D6)/D6 -> 0.028571429 | I7: =IF(H7>0.05,"↑ Strong",IF(H7>0,"↗ Growing",IF(H7>-0.05,"↘ Slight Dip","↓ Declining"))) -> ↗ Growing
A8: Week 5 | B8: 47500 | C8: 166250 | D8: 3.5 | E8: 3650 | F8: 13.01 | G8: 2.1 | H8: =(D8-D7)/D7 -> -0.027777778 | I8: =IF(H8>0.05,"↑ Strong",IF(H8>0,"↗ Growing",IF(H8>-0.05,"↘ Slight Dip","↓ Declining"))) -> ↘ Slight Dip
A9: Week 6 | B9: 52000 | C9: 192400 | D9: 3.7 | E9: 4100 | F9: 12.68 | G9: 2.3 | H9: =(D9-D8)/D8 -> 0.057142857 | I9: =IF(H9>0.05,"↑ Strong",IF(H9>0,"↗ Growing",IF(H9>-0.05,"↘ Slight Dip","↓ Declining"))) -> ↑ Strong
A10: Week 7 | B10: 55000 | C10: 209000 | D10: 3.8 | E10: 4350 | F10: 12.64 | G10: 2.4 | H10: =(D10-D9)/D9 -> 0.027027027 | I10: =IF(H10>0.05,"↑ Strong",IF(H10>0,"↗ Growing",IF(H10>-0.05,"↘ Slight Dip","↓ Declining"))) -> ↗ Growing
A11: Week 8 | B11: 58000 | C11: 226200 | D11: 3.9 | E11: 4600 | F11: 12.61 | G11: 2.5 | H11: =(D11-D10)/D10 -> 0.026315789 | I11: =IF(H11>0.05,"↑ Strong",IF(H11>0,"↗ Growing",IF(H11>-0.05,"↘ Slight Dip","↓ Declining"))) -> ↗ Growing
A14: TREND VISUALIZATIONS

Sheet Data Input
A1: LIVE DATA INPUT ZONE
A2: Configure your Google Sheets sync to update this sheet. Data here feeds into other tabs.
A4: SYNC CONFIGURATION
A5: Sync Source: | B5: Facebook Ads API via Supermetrics/Funnel.io
A6: Sync Frequency: | B6: Hourly
A7: Last Sync: | B7: =NOW() -> 46041.328
A8: Sync Status: | B8: Connected
A11: RAW DATA PASTE AREA
A12: Account ID | B12: Date | C12: Impressions | D12: Clicks | E12: Spend | F12: Conversions | G12: Revenue
